Name,F.year,Address,States,City,County,Type,latitude,longitude,geocode_source,geocode_input,matched_address,match_type
IOWA Asian Alliance,2002," 3816 Ingersoll Avenue Des Moines, Iowa, 50312",IA,DES MOINES,POLK,CSO,41.586066,-93.669266,geocodio,"3816 Ingersoll Avenue Des Moines, Iowa, 50312","3816 Ingersoll Ave, Des Moines, IA 50312",1
Asian and Pacific Islander American Health Forum,1986,"1 Kaiser Plz Ste 850 Oakland, CA 94612",CA,OAKLAND,ALAMEDA,Advocacy,37.809629,-122.264659,geocodio,"1 Kaiser Plz Ste 850 Oakland, CA 94612","1 Kaiser Plz, Ste 850, Oakland, CA 94612",1
Boston Asian American Services,2008,"1 Kelly Way, Canton, MA, 02021-2786",MA,CANTON,NORFOLK,CSO,42.166988,-71.113146,geocodio,"1 Kelly Way, Canton, MA, 02021-2786","1 Kelly Way, Canton, MA 02021",1
APA Family Support Services,1987,"10 Nottingham Place, San Francisco, CA 94133",CA,SAN FRANCISCO,SAN FRANCISCO,CSO,37.797705,-122.404937,geocodio,"10 Nottingham Place, San Francisco, CA 94133","10 Nottingham Pl, San Francisco, CA 94133",1
Asian Services of Indiana,2004,"10 WEST MARKET STREET, SUITE 700, INDIANAPOLIS, IN, 46204",IN,INDIANAPOLIS,MARION,CSO,39.768793,-86.159452,geocodio,"10 WEST MARKET STREET, SUITE 700, INDIANAPOLIS, IN, 46204","10 W Market St, Ste 700, Indianapolis, IN 46204",1
Asian Youth Center,1989,"100 Clary Ave, San Gabriel, CA 91776",CA,SAN GABRIEL,LOS ANGELES,CSO,34.097837,-118.102655,geocodio,"100 Clary Ave, San Gabriel, CA 91776","100 Clary Ave, San Gabriel, CA 91776",1
Asian Health Foundation,2007,"100 WALNUT AVE STE 103, CLARK , NJ 07066",NJ,CLARK,UNION,CSO,40.629918,-74.303337,geocodio,"100 WALNUT AVE STE 103, CLARK , NJ 07066","100 Walnut Ave, Ste 103, Clark, NJ 07066",1
Asian American Alliance,1999,"1000 East 116th Street Carmel, IN 46032 ",IN,CARMEL,HAMILTON,CSO,39.958938,-86.137629,geocodio,"1000 East 116th Street Carmel, IN 46032","1000 E 116th St, Carmel, IN 46032",1
Asian Pacific American Institute for Congressional Studies,1994,"1001 Connecticut Ave NW, Suite 320, Washington, DC 20036 ",DC,WASHINGTON DC,DISTRICT OF COLUMBIA,Advocacy,38.902798,-77.038884,geocodio,"1001 Connecticut Ave NW, Suite 320, Washington, DC 20036","1001 Connecticut Ave NW, Ste 320, Washington, DC 20036",1
Asian Health Services,1974,"101 8th Street, Suite 101 Oakland, CA 94607",CA,OAKLAND,ALAMEDA,Hybrid,37.796932,-122.265491,geocodio,"101 8th Street, Suite 101 Oakland, CA 94607","101 8th St, Ste, Oakland, CA 94607",1
Association of Asian-Pacific Community Health Organizations,1987,"101 Callan Avenue Suite 400 San Leandro, CA 94577",CA,SAN LEANDRO,ALAMEDA,Hybrid,37.725765,-122.156031,geocodio,"101 Callan Avenue Suite 400 San Leandro, CA 94577","101 Callan Ave, Ste 400, San Leandro, CA 94577",1
Chinese Mutual Aid Association,1981,"1016 West Argyle Street Chicago, IL 60640",IL,CHICAGO,COOK,CSO,41.973588,-87.655727,geocodio,"1016 West Argyle Street Chicago, IL 60640","1016 W Argyle St, Chicago, IL 60640",1
Asian Americans United,1985,"1023 Callowhill Street, Philadelphia, PA 19123",PA,PHILADELPHIA,PHILADELPHIA,Advocacy,39.958614,-75.155467,geocodio,"1023 Callowhill Street, Philadelphia, PA 19123","1023 Callowhill St, Philadelphia, PA 19123",1
Asian Community Development Council,2012,"1027 SOUTH RAINBOW BLVD ROOM 253, LAS VEGAS, NV 89145",NV,LAS VEGAS,CLARK,Hybrid,36.182404,-115.242418,geocodio,"1027 SOUTH RAINBOW BLVD ROOM 253, LAS VEGAS, NV 89145","1027 N Rainbow Blvd 253, Las Vegas, NV 89108",0.91
Asian American Leadership Endowment and Development for Youth and Family,1998,"1029 Vermont Avenue NW Suite 810, Washington, DC 20005",DC,WASHINGTON DC,DISTRICT OF COLUMBIA,CSO,38.903555,-77.032847,geocodio,"1029 Vermont Avenue NW Suite 810, Washington, DC 20005","1029 Vermont Ave NW, Ste 810, Washington, DC 20005",1
Union of Pan Asian Communities,1974,"1031 25th St, San Diego",CA,SAN DIEGO,SAN DIEGO,CSO,32.716424,-117.139957,geocodio,"1031 25th St, San Diego","1031 25th St, San Diego, CA 92102",1
Chinatown Youth Center,1970,"1038 Post Street San Francisco, CA 94109",CA,SAN FRANCISCO,SAN FRANCISCO,CSO,37.78719,-122.419088,geocodio,"1038 Post Street San Francisco, CA 94109","1038 Post St, San Francisco, CA 94109",1
Asian Task Force Against Domestic Violence,1992,"105 Chauncy St Ste 7 Boston, MA 02111-1759 ",MA,BOSTON,SUFFOLK,CSO,42.352958,-71.061076,geocodio,"105 Chauncy St Ste 7 Boston, MA 02111-1759","105 Chauncy St, Ste 7, Boston, MA 02111",1
Asian Pacific Revolving Loan Fund,1995,"1055 Wilshire Blvd, Suite 900C, Los Angeles, California 90017",CA,LOS ANGELES,LOS ANGELES,CSO,34.051992,-118.262908,geocodio,"1055 Wilshire Blvd, Suite 900C, Los Angeles, California 90017","1055 Wilshire Blvd, Ste 900, Los Angeles, CA 90017",1
Pacific Asian Consortium in Employment,1976,"1055 Wilshire Blvd., Suite 1475 Los Angeles, CA 90177",CA,LOS ANGELES,LOS ANGELES,CSO,34.051992,-118.262908,geocodio,"1055 Wilshire Blvd., Suite 1475 Los Angeles, CA 90177","1055 Wilshire Blvd, Ste 1475, Los Angeles, CA 90017",1
Asian American Legal Foundation,2013,"11 MALTA DR,SAN FRANCISCO , CA 94131",CA,SAN FRANCISCO,SAN FRANCISCO,Advocacy,37.735044,-122.444063,geocodio,"11 MALTA DR,SAN FRANCISCO , CA 94131","11 Malta Dr, San Francisco, CA 94131",1
Asian Community Health Coalition,2000,"1104 Buttonwood St, Philadelphia, PA 19123",PA,PHILADELPHIA,PHILADELPHIA,CSO,39.96084,-75.156836,geocodio,"1104 Buttonwood St, Philadelphia, PA 19123","1104 Buttonwood St, Philadelphia, PA 19123",1
Asian Community Cancer Coalition,2004,"1106 BUTTONWOOD ST, PHILADELPHIA, PA 19123",PA,PHILADELPHIA,PHILADELPHIA,CSO,39.960852,-75.156928,geocodio,"1106 BUTTONWOOD ST, PHILADELPHIA, PA 19123","1106 Buttonwood St, Philadelphia, PA 19123",1
Asian Americans for Equality,1974,"111 Division St, New York, NY 1000",NY,NEW YORK,NEW YORK,Hybrid,40.714337,-73.992261,geocodio,"111 Division St, New York, NY 1000","111 Division St, New York, NY 10002",0.9
Southeast Asian Refugee Community Home,1992,"1113 E Franklin Ave, Ste 212 Minneapolis, Minnesota",MN,MINNEAPOLIS,HENNEPIN,CSO,44.962873,-93.258119,geocodio,"1113 E Franklin Ave, Ste 212 Minneapolis, Minnesota","1113 E Franklin Ave, Ste 212, Minneapolis, MN 55404",1
Asian Pacific Islander Legal Outreach,1975,"1121 Mission Street, San Francisco, CA 94103",CA,SAN FRANCISCO,SAN FRANCISCO,Hybrid,37.778652,-122.41123,geocodio,"1121 Mission Street, San Francisco, CA 94103","1121 Mission St, San Francisco, CA 94103",1
Asian American Resource Center,1995,"1133 S E St, San Bernardino, CA 92408",TX,SAN BERNARDINO,SAN BERNARDINO,CSO,34.080688,-117.29382,geocodio,"1133 S E St, San Bernardino, CA 92408","1133 S E St, San Bernardino, CA 92408",1
Asian Pacific Islanders Equality - Los Angeles,2005,"1137 Wilshire Blvd #101, Los Angeles, CA 90017",CA,LOS ANGELES,LOS ANGELES,Advocacy,34.052324,-118.263635,geocodio,"1137 Wilshire Blvd #101, Los Angeles, CA 90017","1137 Wilshire Blvd, # 101, Los Angeles, CA 90017",1
Empowering Pacific Islander Communities,2009,"1137 Wilshire Blvd. Suite 110 Los Angeles, CA 90017",CA,LOS ANGELES,LOS ANGELES,Advocacy,34.052324,-118.263635,geocodio,"1137 Wilshire Blvd. Suite 110 Los Angeles, CA 90017","1137 Wilshire Blvd, Ste 110, Los Angeles, CA 90017",1
Asian Pacific Community Fund of Southern California,1990,"1145 Wilshire Blvd #105, Los Angeles, CA 90017",CA,LOS ANGELES,LOS ANGELES,CSO,34.052349,-118.263684,geocodio,"1145 Wilshire Blvd #105, Los Angeles, CA 90017","1145 Wilshire Blvd, # 105, Los Angeles, CA 90017",1
"Asian Americans advancing Justice - LA (the Asian Pacific Americans Legal Center, Advancing Justice - LA)",1983,"1145 Wilshire Blvd, Los Angeles, CA 90017",CA,LOS ANGELES,LOS ANGELES,Hybrid,34.052349,-118.263684,geocodio,"1145 Wilshire Blvd, Los Angeles, CA 90017","1145 Wilshire Blvd, Los Angeles, CA 90017",1
Asian Pacific American Dispute Resolution Center,1989,"1145 Wilshire Blvd,Los Angeles, CA 90017",CA,LOS ANGELES,LOS ANGELES,CSO,34.052349,-118.263684,geocodio,"1145 Wilshire Blvd,Los Angeles, CA 90017","1145 Wilshire Blvd, Los Angeles, CA 90017",1
Asian American Senior Social Services Foundation,2016,"11500 N STEMMONS FWY, DALLAS, TX 75229",TX,DALLAS,DALLAS,CSO,32.901296,-96.89702,geocodio,"11500 N STEMMONS FWY, DALLAS, TX 75229","11500 I-35E, Dallas, TX 75229",1
Asian Inc.,1971,"1167 Mission St, San Francisco, CA 94103",CA,SAN FRANCISCO,SAN FRANCISCO,CSO,37.777741,-122.412198,geocodio,"1167 Mission St, San Francisco, CA 94103","1167 Mission St, San Francisco, CA 94103",1
National Asian American Pacific Islanders Mental Health Association,2000,"1215 19th Street Suite A, Denver, Colorado 80202",CO,DENVER,DENVER,CSO,39.751639,-104.993038,geocodio,"1215 19th Street Suite A, Denver, Colorado 80202","1215 19th St, Ste A, Denver, CO 80202",1
Asian American Homeownership Counseling,2010,"12320 Parklawn Dr, Rockville, MD 20852",MD,ROCKVILLE,MONTGOMERY,CSO,39.058862,-77.111547,geocodio,"12320 Parklawn Dr, Rockville, MD 20852","12320 Parklawn Dr, Rockville, MD 20852",1
Asian Pacific Islander Youth Promoting Avocacy and Leadership,1998,"1238 Harrison Street Oakland, CA 94612",CA,OAKLAND,ALAMEDA,CSO,37.801748,-122.268218,geocodio,"1238 Harrison Street Oakland, CA 94612","1238 Harrison St, Oakland, CA 94612",1
Asian Neighborhood Design,1973,"1245 Howard St, San Francisco, California 94103",CA,SAN FRANCISCO,SAN FRANCISCO,CSO,37.775324,-122.412145,geocodio,"1245 Howard St, San Francisco, California 94103","1245 Howard St, San Francisco, CA 94103",1
Asian Pacific Development Center,1980,"1250 Chambers Road Room 2403, Aurora, CO 80011",CO,AURORA,ARAPAHOE,CSO,39.734304,-104.810011,geocodio,"1250 Chambers Road Room 2403, Aurora, CO 80011","1250 Chambers Rd 2403, Aurora, CO 80011",1
Asian American Education Association,2014,"12638 ENGLISH ORCHARD CT, SILVER SPRING, MD 20906",MD,SILVER SPRING,MONTGOMERY,CSO,39.063434,-77.043565,geocodio,"12638 ENGLISH ORCHARD CT, SILVER SPRING, MD 20906","12638 English Orchard Ct, Silver Spring, MD 20906",1
New Mexico Asian Family Center,2007,"128 Quincy St NE, Albuquerque, NM-87108",NM,ALBUQUERQUE,BERNALILLO,CSO,35.079375,-106.590028,geocodio,"128 Quincy St NE, Albuquerque, NM-87108","128 Quincy St NE, Albuquerque, NM 87108",1
Orange County Asian and Pacific Islander Community Alliance,1997,"12900 Garden Grove Blvd., Suite 214A, Garden Grove, CA 92843",CA,GARDEN GROVE,ORANGE,CSO,33.773929,-117.907164,geocodio,"12900 Garden Grove Blvd., Suite 214A, Garden Grove, CA 92843","12900 Garden Grove Blvd, Ste 214, Garden Grove, CA 92843",1
Asian Community Care Foundation,2004,"13212 Jacarte CT, San Diego , CA 92130",CA,SAN DIEGO,SAN DIEGO,CSO,32.957535,-117.242477,geocodio,"13212 Jacarte CT, San Diego , CA 92130","13212 Jacarte Ct, San Diego, CA 92130",1
Organization of Chinese Americans,1973,"1322 18th Street, NW, Washington, DC 20036 ",DC,WASHINGTON DC,DISTRICT OF COLUMBIA,Advocacy,38.908481,-77.041936,geocodio,"1322 18th Street, NW, Washington, DC 20036","1322 18th St NW, Washington, DC 20036",1
On Lok Senior Health Services,1971,"1333 Bush Street San Francisco, CA 94109",CA,SAN FRANCISCO,SAN FRANCISCO,CSO,37.788745,-122.419031,geocodio,"1333 Bush Street San Francisco, CA 94109","1333 Bush St, San Francisco, CA 94109",1
Asian American Anti Smoking Foundation,2001,"13415 QUEENSTOWN LN,GERMANTOWN, MD 20874",MD,GERMANTOWN,MONTGOMERY,CSO,39.154818,-77.282609,geocodio,"13415 QUEENSTOWN LN,GERMANTOWN, MD 20874","13415 Queenstown Ln, Germantown, MD 20874",1
Asian American Youth Center,1998,"135 Grand Street, 2nd floor, Manhattan, NY,10013",NY,NEW YORK,NEW YORK,CSO,40.72026,-73.999752,geocodio,"135 Grand Street, 2nd floor, Manhattan, NY,10013","135 Grand St, New York, NY 10013",1
Asian American Housing Development Fund Company,1987,"141 NORFOLK ST, NEW YORK, NY 10002-2374",NY,NEW YORK,NEW YORK,CSO,40.720183,-73.986595,geocodio,"141 NORFOLK ST, NEW YORK, NY 10002-2374","141 Norfolk St, New York, NY 10002",1
Asian Pacific Islander Community Leadership Foundation,1998,"1414 S. Weller St. Seattle, WA 98144",WA,SEATTLE,KING,CSO,47.597777,-122.311903,geocodio,"1414 S. Weller St. Seattle, WA 98144","1414 S Weller St, Seattle, WA 98144",1
Asian Women and Children Centers,2002,"1415 N ROSA PARKS WAY PORTLAND, OR 97217",OR,PORTLAND,MULTNOMAH,CSO,45.570128,-122.681402,geocodio,"1415 N ROSA PARKS WAY PORTLAND, OR 97217","1415 N Rosa Parks Way, Portland, OR 97217",1
South Asian Council for Social Services,2000,"143-06 45th Avenue, Flushing, New York 11355",NY,NEW YORK,NEW YORK,Hybrid,40.753916,-73.818093,geocodio,"143-06 45th Avenue, Flushing, New York 11355","143-6 45th Ave, Flushing, NY 11355",1
Asian Community and Cultural Center,1992,"144 N 44th Street, Suite A, Lincoln, NE 68503",NE,LINCOLN,LANCASTER,CSO,40.814268,-96.657833,geocodio,"144 N 44th Street, Suite A, Lincoln, NE 68503","144 N 44th St, Ste A, Lincoln, NE 68503",1
Asian Center,1994,"1444 Michigan St NE # 4, Grand Rapids, MI 49503",MI,GRAND RAPIDS,KENT,CSO,42.969753,-85.633357,geocodio,"1444 Michigan St NE # 4, Grand Rapids, MI 49503","1444 Michigan St NE, Ste 4, Grand Rapids, MI 49503",1
Asian Healthcare Foundation of Massachusetts,2007,"145 SOUTH STREET, BOSTON, MA 02111",MA,BOSTON,SUFFOLK,CSO,42.350756,-71.057532,geocodio,"145 SOUTH STREET, BOSTON, MA 02111","145 South St, Boston, MA 02111",1
National Asian American Coalition,2004,"15 Southgate Ave Ste 200 Daly City, CA 94015",CA,DALY CITY,SAN MATEO,CSO,37.698041,-122.480929,geocodio,"15 Southgate Ave Ste 200 Daly City, CA 94015","15 Southgate Ave, Ste 200, Daly City, CA 94015",1
Chinese-American Planning Council,1965,"150 Elizabeth St, New York, NY 10012",NY,NEW YORK,NEW YORK,CSO,40.720291,-73.994915,geocodio,"150 Elizabeth St, New York, NY 10012","150 Elizabeth St, New York, NY 10012",1
Quincy Asian Resources,2001,"1509 Hancock St 209, Quincy, MA 02169-5242 ",MA,QUINCY,NORFOLK,CSO,42.247956,-71.001817,geocodio,"1509 Hancock St 209, Quincy, MA 02169-5242","1509 Hancock St, Ste 209, Quincy, MA 02169",1
National Asian Pacific Center on Aging,1979,"1511 Third Avenue Suite 914, Seattle, Washington 98101-1626",WA,SEATTLE,KING,Hybrid,47.609877,-122.338175,geocodio,"1511 Third Avenue Suite 914, Seattle, Washington 98101-1626","1511 3rd Ave, Ste 914, Seattle, WA 98101",1
Asian American Organizing Project,2013,"1535 Glenwood Avenue,Minneapolis, MN 55405",MN,MINNEAPOLIS,HENNEPIN,Advocacy,44.980672,-93.300714,geocodio,"1535 Glenwood Avenue,Minneapolis, MN 55405","1535 Glenwood Ave, Minneapolis, MN 55405",1
Asian Association of Utah,1977,"155 South 300 West, Salt Lake City, UT 84101 USA",UT,SALT LAKE CITY,SALT LAKE,CSO,40.765917,-111.899313,geocodio,"155 South 300 West, Salt Lake City, UT 84101 USA","155 S 300 W, Salt Lake City, UT 84101",1
National Asian Pacific American Bar Association,1988,"1612 K St NW #1400, Washington, DC 20006",DC,WASHINGTON DC,DISTRICT OF COLUMBIA,Advocacy,38.902191,-77.03753,geocodio,"1612 K St NW #1400, Washington, DC 20006","1612 K St NW, Ste 1400, Washington, DC 20006",1
Asian and Pacific Islander American Vote,1996,"1612 K St. NW, Ste. 510 Washington, DC 20006",DC,WASHINGTON DC,DISTRICT OF COLUMBIA,Advocacy,38.902191,-77.03753,geocodio,"1612 K St. NW, Ste. 510 Washington, DC 20006","1612 K St NW, Ste 510, Washington, DC 20006",1
South Asian American Voices for Impact Saavi,2013,"1616 Delancy Circle,Canton, MI 48188",MI,CANTON,WAYNE,Advocacy,42.293377,-83.518844,geocodio,"1616 Delancy Circle,Canton, MI 48188","1616 Delancy Cir, Canton, MI 48188",1
Asian and Pacific Islander Caucus for Public Health,1974,"16161 Ventura Boulevard Suite 388, Encino, CA 91436 USA",CA,ENCINO,LOS ANGELES,CSO,34.156382,-118.484613,geocodio,"16161 Ventura Boulevard Suite 388, Encino, CA 91436 USA","16161 Ventura Blvd, Ste 388, Encino, CA 91436",1
Asian Americans Advancing Justice (AAJC; Asian American Justice Center),1991,"1620 L St. NW, Suite 1050, Washington, DC 20036",DC,WASHINGTON DC,DISTRICT OF COLUMBIA,Advocacy,38.90341,-77.037586,geocodio,"1620 L St. NW, Suite 1050, Washington, DC 20036","1620 L St NW, Ste 1050, Washington, DC 20036",1
Asian Pacific American Legal Resource Center,1998,"1627 K St NW #610, Washington, DC 20006",DC,WASHINGTON DC,DISTRICT OF COLUMBIA,Hybrid,38.902919,-77.037677,geocodio,"1627 K St NW #610, Washington, DC 20006","1627 K St NW, Ste 610, Washington, DC 20006",1
National Council of Asian Pacific Americans,1996,"1629 K St NW #400, Washington, DC 20006",DC,WASHINGTON DC,DISTRICT OF COLUMBIA,Advocacy,38.90293,-77.037898,geocodio,"1629 K St NW #400, Washington, DC 20006","1629 K St NW, Ste 400, Washington, DC 20006",1
Family Bridges,1968,"168 11th Street, Oakland, CA 94607",CA,OAKLAND,ALAMEDA,CSO,37.799841,-122.265609,geocodio,"168 11th Street, Oakland, CA 94607","168 11th St, Oakland, CA 94607",1
Asian Pacific Islanders Equality - Northern California,2004,"17 Walter U Lum Pl, San Francisco, CA 94108",CA,SAN FRANCISCO,SAN FRANCISCO,Advocacy,37.794631,-122.405916,geocodio,"17 Walter U Lum Pl, San Francisco, CA 94108","17 Walter U Lum Pl, San Francisco, CA 94108",1
Chinese for Affirmative Action,1969,"17 Walter U Lum Pl, San Francisco, CA 94108",CA,SAN FRANCISCO,SAN FRANCISCO,Advocacy,37.794631,-122.405916,geocodio,"17 Walter U Lum Pl, San Francisco, CA 94108","17 Walter U Lum Pl, San Francisco, CA 94108",1
South Asian Helpline and Referral Agency,1991,"17100 Pioneer Blvd., Suite 260, Artesia, CA 90701",CA,ARTESIA,LOS ANGELES,CSO,33.875916,-118.080685,geocodio,"17100 Pioneer Blvd., Suite 260, Artesia, CA 90701","17100 Pioneer Blvd, Ste 260, Artesia, CA 90701",1
Aids Services in Asian Communities,1995,"1711 S Broad St,Philadelphia, PA 19148",PA,PHILADELPHIA,PHILADELPHIA,CSO,39.928732,-75.168349,geocodio,"1711 S Broad St,Philadelphia, PA 19148","1711 S Broad St, Philadelphia, PA 19148",1
Southeast Asian Mutual Assistance Associations Coalition,1984,"1711 S Broad St. Philadelphia, PA 19148-1505 
",PA,PHILADELPHIA,PHILADELPHIA,CSO,39.928732,-75.168349,geocodio,"1711 S Broad St. Philadelphia, PA 19148-1505","1711 S Broad St, Philadelphia, PA 19148",1
Asian Community Support Services Center,1983,"1714 Tannehill Dr, Houston, TX 77008",TX,HOUSTON,HARRIS,CSO,29.799007,-95.430996,geocodio,"1714 Tannehill Dr, Houston, TX 77008","1714 Tannehill Dr, Houston, TX 77008",1
Asian Pacific AIDS Intervention Team,1987,"1730 W. Olympic Blvd. Suite #300 (3rd Floor) Los Angeles, CA 90015",CA,LOS ANGELES,LOS ANGELES,CSO,34.04997,-118.27646,geocodio,"1730 W. Olympic Blvd. Suite #300 (3rd Floor) Los Angeles, CA 90015","1730 W Olympic Blvd, Fl 3, Los Angeles, CA 90015",1
National Asian Pacific American Womens Forum,1995,"1735 Caton Ave Brooklyn, New York",NY,BROOKLYN,BROOKLYN,Advocacy,40.651521,-73.963757,geocodio,"1735 Caton Ave Brooklyn, New York","1735 Caton Ave, Brooklyn, NY 11226",1
Center for Asian Pacific American Women,1996,"1750 Montgomery St San Francisco, CA 94111-1000",CA,SAN FRANCISCO,SAN FRANCISCO,CSO,37.805252,-122.40513,geocodio,"1750 Montgomery St San Francisco, CA 94111-1000","1750 Montgomery St, San Francisco, CA 94111",1
Alliance of South Asian Youth,2013,"1760 LILBET RD,TEANECK, NJ 07666",NJ,TEANECK,BERGEN,CSO,40.915761,-74.022568,geocodio,"1760 LILBET RD,TEANECK, NJ 07666","1760 Lilbet Rd, Teaneck, NJ 07666",1
Japanese American Citizens League,1929,"1765 Sutter St San Francisco, CA 94115 USA",CA,SAN FRANCISCO,SAN FRANCISCO,Advocacy,37.786354,-122.429286,geocodio,"1765 Sutter St San Francisco, CA 94115 USA","1765 Sutter St, San Francisco, CA 94115",1
Asian Pacific Health Care Venture,1986,"180 Union Place Los Angeles, CA 90026",CA,LOS ANGELES,LOS ANGELES,CSO,34.062908,-118.264942,geocodio,"180 Union Place Los Angeles, CA 90026","180 Union Pl, Los Angeles, CA 90026",1
Asian Health Coalition,1996,"180 W Washington St, Suite 1000, Chicago IL 60602",IL,CHICAGO,COOK,Hybrid,41.883486,-87.633545,geocodio,"180 W Washington St, Suite 1000, Chicago IL 60602","180 W Washington St, Ste 1000, Chicago, IL 60602",1
South Asian Network,1990,"18173 Pioneer Blvd Suite I, Artesia, CA 90701",CA,ARTESIA,LOS ANGELES,Hybrid,33.866198,-118.082508,geocodio,"18173 Pioneer Blvd Suite I, Artesia, CA 90701","18173 Pioneer Blvd, Ste I, Artesia, CA 90701",1
East Bay Asian Local Development Corporation,1975,"1825 San Pablo Suite 200, Oakland, CA 94612",CA,OAKLAND,ALAMEDA,CSO,37.808117,-122.272342,geocodio,"1825 San Pablo Suite 200, Oakland, CA 94612","1825 San Pablo Ave, Ste 200, Oakland, CA 94612",1
Southeast Asian Community Council,1986,"1827 44th Ave N Minneapolis, MN 55412-1207",MN,MINNEAPOLIS,HENNEPIN,CSO,45.035201,-93.303234,geocodio,"1827 44th Ave N Minneapolis, MN 55412-1207","1827 44th Ave N, Minneapolis, MN 55412",1
Asian American Community Service Council,1996,"1881 BRANDYWINE DR,COLUMBUS , OH 43220",OH,COLUMBUS,FRANKLIN,CSO,40.044164,-83.068444,geocodio,"1881 BRANDYWINE DR,COLUMBUS , OH 43220","1881 Brandywine Dr, Columbus, OH 43220",1
Asian Family Services,1996,"1921 Park St Hartford, CT 06106",CT,HARTFORD,HARTFORD,CSO,41.756264,-72.710808,geocodio,"1921 Park St Hartford, CT 06106","1921 Park St, Hartford, CT 06106",1
Heart of Hope Asian American Hospice Care,2013,"1922 The Alameda, Suite 215, San Jose, CA 95126",CA,SAN JOSE,SANTA CLARA,CSO,37.341474,-121.923365,geocodio,"1922 The Alameda, Suite 215, San Jose, CA 95126","1922 The Alameda, Ste 215, San Jose, CA 95126",1
Minnesota Chinese Health Center,2004,"1925 West County Road B2 Roseville, MN 55113",MN,ROSEVILLE,RAMSEY,CSO,45.05723,-93.182912,geocodio,"1925 West County Road B2 Roseville, MN 55113","1925 W County Rd E2, Saint Paul, MN 55112",1
Boston Asian Youth Essential Services,1975,"199 Harrison Avenue, Boston, MA 02111",MA,BOSTON,SUFFOLK,CSO,42.348509,-71.062641,geocodio,"199 Harrison Avenue, Boston, MA 02111","199 Harrison Ave, Boston, MA 02111",1
Asian and Pacific Islander Community Improvement Association,1999,"2005 SE SE 82ND AVE STE 5, PORTLAND, OR 97216",OR,PORTLAND,MULTNOMAH,CSO,45.508624,-122.579238,geocodio,"2005 SE SE 82ND AVE STE 5, PORTLAND, OR 97216","2005 SE 82nd Ave, Ste 5, Portland, OR 97216",0.9
Montana Asian American Center,1998,"202 Brooks St., inside St. Paul's Lutheran Church, Missoula, 59801",MT,MONTANA,MISSOULA,CSO,46.861925,-113.998309,geocodio,"202 Brooks St., inside St. Paul's Lutheran Church, Missoula, 59801","202 Brooks St, Missoula, MT 59801",1
East Bay Asian Youth Center,1976,"2025 East 12th Street Oakland, CA 94606",CA,OAKLAND,ALAMEDA,CSO,37.784985,-122.240422,geocodio,"2025 East 12th Street Oakland, CA 94606","2025 E 12th St, Oakland, CA 94606",1
Asian Pacific Islander Scholarship Fund,2003,"2025 M St NW, Ste 610 Washington, District of Columbia 20036",DC,WASHINGTON DC,DISTRICT OF COLUMBIA,CSO,38.906031,-77.045753,geocodio,"2025 M St NW, Ste 610 Washington, District of Columbia 20036","2025 M St NW, Ste 610, Washington, DC 20036",1
Asian American Voter Project,1990,"205 13th st, San Francisco, CA 94103",CA,SAN FRANCISCO,SAN FRANCISCO,Advocacy,37.769825,-122.419199,geocodio,"205 13th st, San Francisco, CA 94103","205 13th St, San Francisco, CA 94103",1
Asian and Pacific Islander American Education Foundation,2014,"2102 RINGWOOD AVE,SAN JOSE, CA 95131",CA,SAN JOSE,SANTA CLARA,CSO,37.395566,-121.897171,geocodio,"2102 RINGWOOD AVE,SAN JOSE, CA 95131","2102 Ringwood Ave, San Jose, CA 95131",1
Asian American Community Alliance,2003,"2114 FRANKLIN DR, ARLINGTON , TX 76011",TX,ARLINGTON,TARRANT,Advocacy,32.767905,-97.110181,geocodio,"2114 FRANKLIN DR, ARLINGTON , TX 76011","2114 Franklin Dr, Arlington, TX 76011",1
Asian American Bone Marrow Foundation,2000,"212 Astoria Rd, Springfield, IL 62704",IL,SPRINGFIELD,SANGAMON,CSO,39.799344,-89.699498,geocodio,"212 Astoria Rd, Springfield, IL 62704","212 Astoria Rd, Springfield, IL 62704",1
Asian American Economic Development Enterprises,1977,"216 Garvey Ave # E, Monterey Park, CA 91754",CA,MONTEREY PARK,LOS ANGELES,CSO,34.062246,-118.124667,geocodio,"216 Garvey Ave # E, Monterey Park, CA 91754","216 W Garvey Ave, Ste E, Monterey Park, CA 91754",1
Asian American Recovery Services,1967,"2166 Hayes St #206, San Francisco, CA 94117",CA,SAN FRANCISCO,SAN FRANCISCO,CSO,37.773482,-122.451979,geocodio,"2166 Hayes St #206, San Francisco, CA 94117","2166 Hayes St, # 206, San Francisco, CA 94117",1
Asian American Donor Program,1989,"2169 Harbor Bay Pkwy, Alameda, CA 94502",CA,ALAMEDA,ALAMEDA,CSO,37.728858,-122.247129,geocodio,"2169 Harbor Bay Pkwy, Alameda, CA 94502","2169 Harbor Bay Pw, Alameda, CA 94502",1
Kokua Kalihi Valley,1972,"2239 N School St. Honolulu, HI 96819",HI,HONOLULU,HONOLULU,CSO,21.340682,-157.874528,geocodio,"2239 N School St. Honolulu, HI 96819","2239 N School St, Honolulu, HI 96819",1
Midwest Asian Health Assoctation - MAHA,2003,"230 W. Cermak Rd, 2nd Floor Chicago, IL 60616",IL,CHICAGO,COOK,CSO,41.853132,-87.633005,geocodio,"230 W. Cermak Rd, 2nd Floor Chicago, IL 60616","230 W Cermak Rd, Fl 2, Chicago, IL 60616",1
Asian Pacific Islander Small Business Program,1999,"231 E Third St Los Angeles, CA 90013-1494",CA,LOS ANGELES,LOS ANGELES,CSO,34.04815,-118.24377,geocodio,"231 E Third St Los Angeles, CA 90013-1494","231 E 3rd St, Los Angeles, CA 90013",1
Little Tokyo Service Center,1979,"231 E. Third St., Suite G-106, Los Angeles, CA 90013",CA,LOS ANGELES,LOS ANGELES,CSO,34.04815,-118.24377,geocodio,"231 E. Third St., Suite G-106, Los Angeles, CA 90013","231 E 3rd St, Ste G106, Los Angeles, CA 90013",1
National Queer Asian Pacific Islander Alliance,2007,233 Fifth Avenue Suite 4A New York NY 10016,NY,NEW YORK,NEW YORK,Advocacy,40.744105,-73.987508,geocodio,233 Fifth Avenue Suite 4A New York NY 10016,"233 5th Ave, Ste 4A, New York, NY 10016",1
Asian Americans for Community Involvement,1976,"2400 Moorpark Avenue Suite 300,San Jose, CA 95128 USA",CA,SAN JOSE,SANTA CLARA,Hybrid,37.315337,-121.937244,geocodio,"2400 Moorpark Avenue Suite 300,San Jose, CA 95128 USA","2400 Moorpark Ave, Ste 300, San Jose, CA 95128",1
Asian Media Access,1992,"2418 Plymouth Ave N, Minneapolis, MN 55411",MN,MINNEAPOLIS,HENNEPIN,Hybrid,44.991801,-93.311695,geocodio,"2418 Plymouth Ave N, Minneapolis, MN 55411","2418 Plymouth Ave N, Minneapolis, MN 55411",1
Asian Pacific Womens Center,1998,"244 S. San Pedro St Suite 504 Los Angeles, 90012",CA,LOS ANGELES,LOS ANGELES,CSO,34.04787,-118.24192,geocodio,"244 S. San Pedro St Suite 504 Los Angeles, 90012","244 S San Pedro St, Ste 504, Los Angeles, CA 90012",1
Asian American Council,2009,"25 E FORAKER ST,DAYTON, OH 45409",OH,DAYTON,MONTGOMERY,Hybrid,39.74699,-84.18745,geocodio,"25 E FORAKER ST,DAYTON, OH 45409","25 E Foraker St, Dayton, OH 45409",1
National Asian Womens Health Organization,1993,"250 Montgomery Street, Suite1500, San Francisco, CA 94104",CA,SAN FRANCISCO,SAN FRANCISCO,Advocacy,37.791583,-122.402276,geocodio,"250 Montgomery Street, Suite1500, San Francisco, CA 94104","250 Montgomery St, Ste 1500, San Francisco, CA 94104",1
Midwest Asian American Center,1998,"2534 W Devon Ave, Chicago, IL 60659",IL,CHICAGO,COOK,CSO,41.997808,-87.693722,geocodio,"2534 W Devon Ave, Chicago, IL 60659","2534 W Devon Ave, Chicago, IL 60659",1
Community Health for Asian Americans,1997,"255 International Boulevard, Oakland, CA 94606",CA,OAKLAND,ALAMEDA,CSO,37.79766,-122.255795,geocodio,"255 International Boulevard, Oakland, CA 94606","255 International Blvd, Oakland, CA 94606",1
Asian American Christian Counselling Service,1986,"2550 W Main St #202, Alhambra, CA 91801 ",CA,ALHAMBRA,LOS ANGELES,CSO,34.094814,-118.15168,geocodio,"2550 W Main St #202, Alhambra, CA 91801","2550 W Main St, Ste 202, Alhambra, CA 91801",1
Center for Asian Americans United for Self Empowerment,1993,"260 So. Los Robles Ave., No. 115, Pasadena, CA 91101",CA,PASADENA,LOS ANGELES,Advocacy,34.146671,-118.139456,geocodio,"260 So. Los Robles Ave., No. 115, Pasadena, CA 91101","Pasadena, CA 91101",0.5
Charles B. Wang Community Health Center,1971,"268 Canal Street, 6th Floor New York, NY, 10013",NY,NEW YORK,NEW YORK,CSO,40.718773,-74.001284,geocodio,"268 Canal Street, 6th Floor New York, NY, 10013","268 Canal St, Fl 6, New York, NY 10013",1
Asian Evergreen Housing Corporation,1996,"26949 CHAGRIN BLVD STE 208 BEACHWOOD, OH 44122",OH,BEACHWOOD,CUYAHOGA,CSO,41.463011,-81.488559,geocodio,"26949 CHAGRIN BLVD STE 208 BEACHWOOD, OH 44122","26949 Chagrin Blvd, Ste 208, Beachwood, OH 44122",1
Pacific Asian Empowerment Program,1986,"270 So. Hanford Street, Suite 204 Seattle, WA 98134 ",WA,SEATTLE,KING,CSO,47.576578,-122.330536,geocodio,"270 So. Hanford Street, Suite 204 Seattle, WA 98134","270 S Hanford St, Ste 204, Seattle, WA 98134",1
TOFA,2000,"2730 Florin Rd. Sacramento, CA 95822",CA,SACRAMENTO,SACRAMENTO,Hybrid,38.495125,-121.476056,geocodio,"2730 Florin Rd. Sacramento, CA 95822","2730 Florin Rd, Sacramento, CA 95822",1
Asian Pacific American Network of Oregon,1996,"2788 SE 82nd Ave #203, Portland, OR 97266",OR,PORTLAND,MULTNOMAH,Hybrid,45.502409,-122.578437,geocodio,"2788 SE 82nd Ave #203, Portland, OR 97266","2788 SE 82nd Ave, Apt 203, Portland, OR 97266",1
Asian American Institute for Research and Education,1997,"2800 Koppers Building, 436 Seventh Avenue, Pittsburgh, PA 15219-1818",PA,PITTSBURGH,ALLEGHENY,CSO,40.441861,-79.994231,geocodio,"2800 Koppers Building, 436 Seventh Avenue, Pittsburgh, PA 15219-1818","7th Ave, Bldg 436, Pittsburgh, PA 15219",0.7
National Association for Asian and Pacific American Education,1977,"28905 Golden Meadow Dr, Rancho Palos Verdes, CA 90275",CA,RANCHO PALOS VERDES,LOS ANGELES,Hybrid,33.771633,-118.403485,geocodio,"28905 Golden Meadow Dr, Rancho Palos Verdes, CA 90275","28905 Golden Meadow Dr, Rancho Palos Verdes, CA 90275",1
Asian Outreach Services,2015,"290 BROKAW RD,SANTA CLARA, CA 95050",CA,SAN JOSE,SANTA CLARA,CSO,37.357732,-121.933281,geocodio,"290 BROKAW RD,SANTA CLARA, CA 95050","290 Brokaw Rd, Santa Clara, CA 95050",1
Asian American Drug Abuse Program,1972,"2900 S. Crenshaw Blvd, Los Angeles, CA 90016",CA,LOS ANGELES,LOS ANGELES,CSO,34.02924,-118.3349,geocodio,"2900 S. Crenshaw Blvd, Los Angeles, CA 90016","2900 S Crenshaw Blvd, Los Angeles, CA 90016",1
Chinatown Youth Center Initiative,2011,"299 13th Street, Oakland, CA 94612",CA,OAKLAND,ALAMEDA,CSO,37.802244,-122.26807,geocodio,"299 13th Street, Oakland, CA 94612","299 13th St, Oakland, CA 94612",1
Asian Americans/Pacific Islanders in Philanthropy,1990,"300 Frank H. Ogawa Plaza, Suite 256, Oakland CA 94612",CA,OAKLAND,ALAMEDA,Hybrid,37.805758,-122.271051,geocodio,"300 Frank H. Ogawa Plaza, Suite 256, Oakland CA 94612","300 Frank H Ogawa Pz, Ste 256, Oakland, CA 94612",1
Asian Communities for Reproductive Justice,1989,"300 Frank H. Ogawa Plaza, Suite 700, Oakland, CA 94612 ",CA,OAKLAND,ALAMEDA,CSO,37.805758,-122.271051,geocodio,"300 Frank H. Ogawa Plaza, Suite 700, Oakland, CA 94612","300 Frank H Ogawa Pz, Ste 700, Oakland, CA 94612",1
Philadelphia Chinatown Development Corporation,1969,"301-305 North 9th Street Philadelphia, PA 19107",PA,PHILADELPHIA,PHILADELPHIA,Hybrid,39.963871,-75.265095,geocodio,"301-305 North 9th Street Philadelphia, PA 19107","30 New St, Upper Darby, PA 19082",0.91
Asian Pacific Islander Queer Sacramento Coalition,2015,"3039 Twitchell Island Rd, West Sacramento, CA, 95691-5929",CA,SACRAMENTO,SACRAMENTO,CSO,38.541305,-121.559658,geocodio,"3039 Twitchell Island Rd, West Sacramento, CA, 95691-5929","3039 Twitchell Island Rd, West Sacramento, CA 95691",1
Asian Immigrant Women Advocates,1983,"310 8th Street #301 Oakland, CA 94607",CA,OAKLAND,ALAMEDA,Advocacy,37.799014,-122.270326,geocodio,"310 8th Street #301 Oakland, CA 94607","310 8th St, Ste 301, Oakland, CA 94607",1
Asian Community Mental Health Board,1974,"310 8th Street, Suite 201 Oakland, CA 94607",CA,OAKLAND,ALAMEDA,CSO,37.799014,-122.270326,geocodio,"310 8th Street, Suite 201 Oakland, CA 94607","310 8th St, Ste 201, Oakland, CA 94607",1
International District Improvement Association,1969,"310 Maynard Ave South, Seattle, WA 98104 ",WA,SEATTLE,KING,Hybrid,47.599697,-122.324701,geocodio,"310 Maynard Ave South, Seattle, WA 98104","310 Maynard Ave S, Seattle, WA 98104",1
Asian Youth Services,1992,"3117 W. Lawrence Chicago, IL 60625",IL,CHICAGO,COOK,CSO,41.968318,-87.706653,geocodio,"3117 W. Lawrence Chicago, IL 60625","3117 W Lawrence Ave, Chicago, IL 60625",1
United Asian Services of Wisconsin,1984,"312 N. Third St. Madison, WI, 53704",WI,MADISON,DANE,CSO,43.097349,-89.359594,geocodio,"312 N. Third St. Madison, WI, 53704","312 N 3rd St, Madison, WI 53704",1
New York Asian Women's Center,1982,"32 Broadway, 10th Floor New York, NY 10004",NY,NEW YORK,NEW YORK,CSO,40.705921,-74.013021,geocodio,"32 Broadway, 10th Floor New York, NY 10004","32 Broadway, Fl 10, New York, NY 10004",1
Massachusetts Asian AIDS Prevention Project,1993,"322 Tremont St Boston, MA 02116",MA,BOSTON,SUFFOLK,CSO,42.348558,-71.066183,geocodio,"322 Tremont St Boston, MA 02116","322 Tremont St, Boston, MA 02116",1
NAMI Asian Pacific Los Angeles,1986,"3250 Wilshire Blvd., Suite 1501 Los Angeles , CA 90010 ",CA,LOS ANGELES,LOS ANGELES,Hybrid,34.06162,-118.29337,geocodio,"3250 Wilshire Blvd., Suite 1501 Los Angeles , CA 90010","3250 W Wilshire Blvd, Ste 1501, Los Angeles, CA 90010",1
Asian Pacific Community in Action,2002,"326 E Coronado Road, Suite 200, Phoenix, AZ 85004",AZ,PHOENIX,MARICOPA,CSO,33.468006,-112.068044,geocodio,"326 E Coronado Road, Suite 200, Phoenix, AZ 85004","326 E Coronado Rd, Ste 200, Phoenix, AZ 85004",1
Leadership Education for Asian Pacific,1982,"327 E. 2nd Street, Suite 226 Los Angeles, CA 90012",CA,LOS ANGELES,LOS ANGELES,CSO,34.04892,-118.24085,geocodio,"327 E. 2nd Street, Suite 226 Los Angeles, CA 90012","327 E 2nd St, Ste 226, Los Angeles, CA 90012",1
Asian American Civic Organization,2013,"334 HUNTERS RUN DR, BEL AIR, MD 21015",MD,BEL AIR,HARFORD,CSO,39.499958,-76.317331,geocodio,"334 HUNTERS RUN DR, BEL AIR, MD 21015","334 Hunters Run Dr, Bel Air, MD 21015",1
National Asian Pacific American Families Against Substance Abuse,1988,"340 E 2nd St #409, Los Angeles, CA 90012",CA,LOS ANGELES,LOS ANGELES,CSO,34.04836,-118.24075,geocodio,"340 E 2nd St #409, Los Angeles, CA 90012","340 E 2nd St, Ste 409, Los Angeles, CA 90012",1
Asian Pacific Americans for Progress,2004,"340 S Lemon Ave, Unit 5588, Walnut ",CA,WALNUT,LOS ANGELES,Hybrid,34.019433,-117.865207,geocodio,"340 S Lemon Ave, Unit 5588, Walnut","340 Lemon Ave, Unit 5588, Walnut, CA 91789",0.2
Center for the Pacific Asian Family,1978,"3424 Wilshire Blvd., Suite #1000 Los Angeles, CA 90010",CA,LOS ANGELES,LOS ANGELES,CSO,34.061902,-118.298894,geocodio,"3424 Wilshire Blvd., Suite #1000 Los Angeles, CA 90010","3424 Wilshire Blvd, Ste 1000, Los Angeles, CA 90010",1
Asian American Advocacy Clinic,2012,"3430 E FLAMINGO RD STE 100,LAS VEGAS, NV 89121",NV,LAS VEGAS,CLARK,CSO,36.115716,-115.100446,geocodio,"3430 E FLAMINGO RD STE 100,LAS VEGAS, NV 89121","3430 E Flamingo Rd, Ste 100, Las Vegas, NV 89121",1
Asian Health and Service Center,1983,"3430 SE Powell Blvd, Portland, OR 97202",OR,PORTLAND,MULTNOMAH,CSO,45.496274,-122.62889,geocodio,"3430 SE Powell Blvd, Portland, OR 97202","3430 SE Powell Blvd, Portland, OR 97202",1
Center for Pan Asian Community Services,1980,"3510 Shallowford Road NE Atlanta, GA 30341",GA,ATLANTA,FULTON,Hybrid,33.891489,-84.286961,geocodio,"3510 Shallowford Road NE Atlanta, GA 30341","3510 Shallowford Rd, Atlanta, GA 30341",1
Asian Womens Shelter,1988,"3543 18th Street # 19 San Francisco, CA 94110",CA,SAN FRANCISCO,SAN FRANCISCO,CSO,37.76142,-122.422619,geocodio,"3543 18th Street # 19 San Francisco, CA 94110","3543 18th St, Ste 19, San Francisco, CA 94110",1
Asian American Committee on Crime,1989,"360 A 8th St Oakland, CA ",CA,OAKLAND,ALAMEDA,CSO,37.80609,-122.293555,geocodio,"360 A 8th St Oakland, CA","8th, Oakland, CA 94607",0.7
Asian Advisory Committee on Crime,1989,"360 A 8TH ST,OAKLAND, CA 94607",CA,OAKLAND,ALAMEDA,CSO,38.01281,-121.806059,geocodio,"360 A 8TH ST,OAKLAND, CA 94607","3 E 8th St, Antioch, CA 94509",0.72
Asian American Relief Organization of Wisconsin,2009,"3620 E Layton Ave Ste 22, Cudahy, Wisconsin 53110-1462",WI,CUDAHY,MILWAUKEE,CSO,42.959401,-87.8593,geocodio,"3620 E Layton Ave Ste 22, Cudahy, Wisconsin 53110-1462","3620 E Layton Ave, Ste 22, Cudahy, WI 53110",1
Asian American Resource Foundation,1998,"3635 Peachtree Industrial Blvd #450, Duluth, GA 30096  ",GA,DULUTH,GWINNETT,CSO,33.99751,-84.168547,geocodio,"3635 Peachtree Industrial Blvd #450, Duluth, GA 30096","3635 Peachtree Industrial Blvd, Ste 450, Duluth, GA 30096",1
Asian Counseling and Referral Service,1973,"3639 Martin Luther King Jr Way S, Seattle, WA 98108",WA,SEATTLE,KING,CSO,47.571631,-122.296584,geocodio,"3639 Martin Luther King Jr Way S, Seattle, WA 98108","3639 Martin Luther King Jr Way S, Seattle, WA 98144",1
Asian Pacific Islander Coalition,1996,"3639 Martin Luther King Jr. Way S, Seattle, WA 98144",WA,SEATTLE,KING,Advocacy,47.571631,-122.296584,geocodio,"3639 Martin Luther King Jr. Way S, Seattle, WA 98144","3639 Martin Luther King Jr Way S, Seattle, WA 98144",1
Minnesota Asian/American Health Coalition,1999,"3702 E Lake St, Suite 150, Minneapolis, MN, 55406",MN,MINNEAPOLIS,HENNEPIN,Advocacy,44.948359,-93.219109,geocodio,"3702 E Lake St, Suite 150, Minneapolis, MN, 55406","3702 E Lake St, Ste 150, Minneapolis, MN 55406",1
Washington Asian Pacific Islander Community Services,1990,"3722 S Hudson St, Seattle, WA 98118",WA,SEATTLE,KING,CSO,47.557223,-122.285091,geocodio,"3722 S Hudson St, Seattle, WA 98118","3722 S Hudson St, Seattle, WA 98118",1
Asian Community Development Corporation,1987,"38 OAK STREET, BOSTON, MA 02111",MA,BOSTON,SUFFOLK,Hybrid,42.348699,-71.063231,geocodio,"38 OAK STREET, BOSTON, MA 02111","38 Oak St, Boston, MA 02111",1
Asian Pacific Self-Development and Residential Association,1989,"3830 Alvarado Ave # C Stockton, CA 95204-2350",CA,STOCKTON,SAN JOAQUIN,CSO,37.986855,-121.289939,geocodio,"3830 Alvarado Ave # C Stockton, CA 95204-2350","3830 Alvarado Ave, Ste C, Stockton, CA 95204",1
Asian Pacific Self-Development and Residencial Association,1991,"3830 Alvarado Ave Ste C Stockton, CA 95204",CA,STOCKTON,SAN JOAQUIN,CSO,37.986855,-121.289939,geocodio,"3830 Alvarado Ave Ste C Stockton, CA 95204","3830 Alvarado Ave, Ste C, Stockton, CA 95204",1
Asian American Center of Santa Clara County,2000,3845 Wellington San Jose CA 95136,CA,SAN JOSE,SANTA CLARA,CSO,37.270491,-121.87771,geocodio,3845 Wellington San Jose CA 95136,"3845 Wellington Sq, San Jose, CA 95136",0.93
Asian American Community Center of Santa Clara County,2000,"3845 WELLINGTON SQ, SAN JOSE, CA 95136",CA,SAN JOSE,SANTA CLARA,CSO,37.270491,-121.87771,geocodio,"3845 WELLINGTON SQ, SAN JOSE, CA 95136","3845 Wellington Sq, San Jose, CA 95136",1
NY Coalition for Asian American Mental Health,1990,"39 Bowery PMB #133 New York, NY 10002",NY,NEW YORK,NEW YORK,CSO,40.714957,-73.995921,geocodio,"39 Bowery PMB #133 New York, NY 10002","39 Bowery, # 133, New York, NY 10002",1
Asian Health and Social Service Council,1978,"39 BOWERY PMB 135,NEW YORK , NY 10002",NY,NEW YORK,NEW YORK,CSO,40.714957,-73.995921,geocodio,"39 BOWERY PMB 135,NEW YORK , NY 10002","39 Bowery 135, New York, NY 10002",1
Asian and Pacific Islander Coalition on HIV/AIDS,1989,"400 Broadway New York, NY 10013",NY,NEW YORK,NEW YORK,CSO,40.718663,-74.002331,geocodio,"400 Broadway New York, NY 10013","400 Broadway, New York, NY 10013",1
Asian Pacific Environmental Network Action,1993,"400 Capitol Mall Sacramento, CA, 95814",CA,SACRAMENTO,SACRAMENTO,Advocacy,38.578423,-121.502482,geocodio,"400 Capitol Mall Sacramento, CA, 95814","400 Capitol Mall, Sacramento, CA 95814",1
Asian Pacific Islander American Public Affairs Association,2001,"4000 Truxel Road, Suite 3 Sacramento, CA 95834",CA,SACRAMENTO,SACRAMENTO,Advocacy,38.641985,-121.50828,geocodio,"4000 Truxel Road, Suite 3 Sacramento, CA 95834","4000 Truxel Rd, Ste A3, Sacramento, CA 95834",1
The Seattle Chinatown International District Preservation and Development Authority,1975,"409 Maynard Ave. S. Suite P2 Seattle, WA 98104",WA,SEATTLE,KING,CSO,47.59886,-122.325443,geocodio,"409 Maynard Ave. S. Suite P2 Seattle, WA 98104","409 Maynard Ave S, Ste P2, Seattle, WA 98104",1
Asian American Community Service Center,2012,"4187 NE EXPRESS WAY,ATLANTA , GA 30340",GA,ATLANTA,FULTON,CSO,33.894317,-84.253044,geocodio,"4187 NE EXPRESS WAY,ATLANTA , GA 30340","4187 I-85, Atlanta, GA 30340",1
Asian American Resource Workshop,1979,"42 Seaverns Avenue,Boston, MA 02130 USA",MA,BOSTON,SUFFOLK,Advocacy,42.312089,-71.111631,geocodio,"42 Seaverns Avenue,Boston, MA 02130 USA","42 Seaverns Ave, Jamaica Plain, MA 02130",1
Sacramento Chinese Community Service Center,1978,"420 I Street, Suite 5, Sacramento, CA 95814",CA,SACRAMENTO,SACRAMENTO,CSO,38.583184,-121.500432,geocodio,"420 I Street, Suite 5, Sacramento, CA 95814","420 I St, Ste 5, Sacramento, CA 95814",1
Dfw Asian American Citizens Council,2000,"420 Maplelawn Drive, Plano, Texas 75075",TX,PLANO,COLLIN,Advocacy,33.004796,-96.762965,geocodio,"420 Maplelawn Drive, Plano, Texas 75075","420 Maplelawn Dr, Plano, TX 75075",1
Asian Economic Development Association,2006,"422 University Ave W Suite 14, St Paul, MN 55103",MN,ST PAUL,RAMSEY,Hybrid,44.95556,-93.117859,geocodio,"422 University Ave W Suite 14, St Paul, MN 55103","422 University Ave W, Ste 14, Saint Paul, MN 55103",1
"Asian Pacific Partners for Empowerment, Advocacy, and Leadership",1994,"424 3rd. St., Suite 220, Oakland, CA 94607",CA,OAKLAND,ALAMEDA,Advocacy,37.796708,-122.275101,geocodio,"424 3rd. St., Suite 220, Oakland, CA 94607","424 3rd St, Ste 220, Oakland, CA 94607",1
Asian Pacific Environmental Network,1991,"426 17th Street, Suite 500, Oakland",CA,OAKLAND,ALAMEDA,Advocacy,37.798186,-122.251893,geocodio,"426 17th Street, Suite 500, Oakland","426 E 17th St, Ste 500, Oakland, CA 94612",1
Vision New America,1997,"4340 Stevens Creek Boulevard, Suite 166, San Jose, CA 95129",CA,SAN JOSE,SANTA CLARA,CSO,37.321591,-121.979896,geocodio,"4340 Stevens Creek Boulevard, Suite 166, San Jose, CA 95129","4340 Stevens Creek Blvd, Ste 166, San Jose, CA 95129",1
Asian Center of Merrimack Valley,1987,"439 S. Union St. Building 2, Basement Lawrence, MA 01843 ",MA,LAWRENCE,ESSEX,CSO,42.690911,-71.155647,geocodio,"439 S. Union St. Building 2, Basement Lawrence, MA 01843","439 S Union St, Ste 2, Lawrence, MA 01843",1
National Council of Asian Pacific Islander Physicians,2008,"445 Grant Ave, San Francisco, CA 94108",CA,SAN FRANCISCO,SAN FRANCISCO,Advocacy,37.790986,-122.405777,geocodio,"445 Grant Ave, San Francisco, CA 94108","445 Grant Ave, San Francisco, CA 94108",1
Pacific Asian American Women Bay Area Coalition,1980,"450 Taraval St Pmb 283 San Francisco, CA 94116-2530",CA,SAN FRANCISCO,SAN FRANCISCO,CSO,37.743499,-122.471092,geocodio,"450 Taraval St Pmb 283 San Francisco, CA 94116-2530","450 Taraval St 283, San Francisco, CA 94116",1
Asian American Voice,2015,"455 CAPITOL MALL STE 600,SACRAMENTO, CA 95814",CA,SACRAMENTO,SACRAMENTO,Advocacy,38.579355,-121.501895,geocodio,"455 CAPITOL MALL STE 600,SACRAMENTO, CA 95814","455 Capitol Mall, Ste 600, Sacramento, CA 95814",1
Asian Pacific Fund,1993,"465 California Street, Suite 809, San Francisco, CA 94104",CA,SAN FRANCISCO,SAN FRANCISCO,CSO,37.792798,-122.402178,geocodio,"465 California Street, Suite 809, San Francisco, CA 94104","465 California St, Ste 809, San Francisco, CA 94104",1
Asian American Community Services,1976,"4700 Reed Rd # B, Columbus, OH 43220",OH,COLUMBUS,FRANKLIN,CSO,40.051892,-83.066205,geocodio,"4700 Reed Rd # B, Columbus, OH 43220","4700 Reed Rd, Ste B, Columbus, OH 43220",1
Asian Human Services,1978,"4753 N Broadway, Suite 700, Chicago, IL 60640",IL,CHICAGO,COOK,CSO,41.968804,-87.659196,geocodio,"4753 N Broadway, Suite 700, Chicago, IL 60640","4753 N Broadway St, Ste 700, Chicago, IL 60640",1
Southeast Asian Coalition of Central Massachusetts,1999,"484 Main St, Suite 400 Worcester, MA 01608",MA,WORCESTER,WORCESTER,CSO,42.262815,-71.802531,geocodio,"484 Main St, Suite 400 Worcester, MA 01608","484 Main St, Ste 400, Worcester, MA 01608",1
Asian Pacific Health Foundation,2009,"4844 University Ave,San Diego, CA 92105",CA,SAN DIEGO,SAN DIEGO,CSO,32.749797,-117.090349,geocodio,"4844 University Ave,San Diego, CA 92105","4844 University Ave, San Diego, CA 92105",1
Arizona Asian American Seniors Association,1988,"4932 W IVANHOE CT,CHANDLER , AZ 85226",AZ,CHANDLER,MARICOPA,Hybrid,33.317372,-111.927288,geocodio,"4932 W IVANHOE CT,CHANDLER , AZ 85226","4932 W Ivanhoe Ct, Chandler, AZ 85226",1
Greater Philadelphia Asian Social Service Center,1993,"4943 N. 5th Street · Philadelphia, PA 19120",PA,PHILADELPHIA,PHILADELPHIA,Hybrid,40.026927,-75.132253,geocodio,"4943 N. 5th Street · Philadelphia, PA 19120","4943 N 5th St, Philadelphia, PA 19120",1
Monsoon United Asian Women of Iowa,2003,"4952 Franklin Avenue, Des Moines, Iowa 50310 ",IA,DES MOINES,POLK,CSO,41.610951,-93.68728,geocodio,"4952 Franklin Avenue, Des Moines, Iowa 50310","4952 Franklin Ave, Des Moines, IA 50310",1
Coalition for Asian American Children and Families,1986,"50 Board St # 1837, New York, NY 10004",NY,NEW YORK,NEW YORK,Hybrid,40.705827,-74.011563,geocodio,"50 Board St # 1837, New York, NY 10004","50 Broad St, Ste 1837, New York, NY 10004",1
Asian Pacific Institute on Gender Based Violence,2000,"500 12th Street, Suite 330 Oakland, CA 94607",CA,OAKLAND,ALAMEDA,CSO,37.803963,-122.273504,geocodio,"500 12th Street, Suite 330 Oakland, CA 94607","500 12th St, Ste 330, Oakland, CA 94607",1
Brooklyn Chinese-American Association,1987,"5000 8th Avenue, Brooklyn, NY 11220",NY,BROOKLYN,KINGS,Hybrid,40.641098,-74.003948,geocodio,"5000 8th Avenue, Brooklyn, NY 11220","5000 8th Ave, Brooklyn, NY 11220",1
Asian American Health Care,2009,"5070 Dorsey Hall Dr, Ellicott City, MD 21042",MD,ELLICOTT CITY,HOWARD,CSO,39.243958,-76.835619,geocodio,"5070 Dorsey Hall Dr, Ellicott City, MD 21042","5070 Dorsey Hall Dr, Ellicott City, MD 21042",1
Asian American Education Institute,2008,"515 S FIGUEROA ST STE 1110,LOS ANGELES, CA 90071",CA,LOS ANGELES,LOS ANGELES,Advocacy,34.05199,-118.25764,geocodio,"515 S FIGUEROA ST STE 1110,LOS ANGELES, CA 90071","515 S Figueroa St, Ste 1110, Los Angeles, CA 90071",1
Asian American Curriculum Project,1969,"529 E 3rd Ave, San Mateo, CA 94401",CA,SAN MATEO,SAN MATEO,Advocacy,37.56696,-122.320736,geocodio,"529 E 3rd Ave, San Mateo, CA 94401","529 E 3rd Ave, San Mateo, CA 94401",1
South Asian Youth Action,1996,"5405 Seabury St Elmhurst, NY 11373-4431",NY,ELMHURST,QUEENS,CSO,40.735337,-73.877233,geocodio,"5405 Seabury St Elmhurst, NY 11373-4431","54-5 Seabury St, Elmhurst, NY 11373",1
Asian Americans Advancing Justice - Asian Law Caucus,1972,"55 Columbus Avenue, San Francisco, CA 94111",CA,SAN FRANCISCO,SAN FRANCISCO,Hybrid,37.795983,-122.404275,geocodio,"55 Columbus Avenue, San Francisco, CA 94111","55 Columbus Ave, San Francisco, CA 94111",1
CAAAV Organizing Asian Communities,1986,"55 Hester Street, Storefront New York, NY 10002",NY,NEW YORK,NEW YORK,Advocacy,40.715763,-73.990145,geocodio,"55 Hester Street, Storefront New York, NY 10002","55 Hester St, New York, NY 10002",1
Asian American Service Association,1994,"550 Hancock St, Quincy, MA 02170",MA,QUINCY,NORFOLK,CSO,42.27034,-71.020097,geocodio,"550 Hancock St, Quincy, MA 02170","550 Hancock St, Quincy, MA 02170",1
Asian American Developmental Intervention,2016,"5516 HARMONY AVE,LAS VEGAS, NV 89107",NV,LAS VEGAS,CLARK,CSO,36.173527,-115.217603,geocodio,"5516 HARMONY AVE,LAS VEGAS, NV 89107","5516 Harmony Ave, Las Vegas, NV 89107",1
Arizona Asian and Pacific Islander American Vote Table,2016,"5520 N SILVER STREAM WAY,TUCSON, AZ 85704",AZ,TUCSON,PIMA,Advocacy,32.3072,-111.007032,geocodio,"5520 N SILVER STREAM WAY,TUCSON, AZ 85704","5520 N Silver Stream Way, Tucson, AZ 85704",1
Southeast Asian Assistance Center,1977,"5625 24th St Sacramento, CA 95822-2233 USA",CA,SACRAMENTO,SACRAMENTO,CSO,38.524036,-121.48258,geocodio,"5625 24th St Sacramento, CA 95822-2233 USA","5625 24th St, Sacramento, CA 95822",1
Asian Resources,1980,"5709 Stockton Blvd, Sacramento, CA 95824",CA,SACRAMENTO,SACRAMENTO,Hybrid,38.522791,-121.440874,geocodio,"5709 Stockton Blvd, Sacramento, CA 95824","5709 Stockton Blvd, Sacramento, CA 95824",1
Asian American Suicide Prevention Initiative,2008,"5815 N SHERIDAN RD APT 1102, CHICAGO , IL 60660",IL,CHICAGO,COOK,CSO,41.987933,-87.655016,geocodio,"5815 N SHERIDAN RD APT 1102, CHICAGO , IL 60660","5815 N Sheridan Rd, Apt 1102, Chicago, IL 60660",1
Asian Americans Advancing Justice - Atlanta (Asian American Legal Advocacy Center ),2008,"6040 Unity Dr e, Norcross, GA 30071",GA,NORCROSS,GWINNETT,Hybrid,33.914148,-84.205316,geocodio,"6040 Unity Dr e, Norcross, GA 30071","6040 Unity Dr, Ste E, Norcross, GA 30071",1
Asian Help Services,1986,"609 E. 29th Street Indianapolis, IN 46205",IN,INDIANAPOLIS,MARION,CSO,39.808149,-86.14672,geocodio,"609 E. 29th Street Indianapolis, IN 46205","609 E 29th St, Indianapolis, IN 46205",1
Chinese Information and Service Center,1972,"611 S Lane St Seattle, WA 98104",WA,SEATTLE,KING,CSO,47.596517,-122.325607,geocodio,"611 S Lane St Seattle, WA 98104","611 S Lane St, Seattle, WA 98104",1
Asian American Health,2012,"6212 N Lincoln Ave, Chicago, IL 60659",IL,CHICAGO,COOK,CSO,41.994565,-87.714761,geocodio,"6212 N Lincoln Ave, Chicago, IL 60659","6212 N Lincoln Ave, Chicago, IL 60659",1
Asian Development Service Group Nfp,2016,"625 W MADISON ST APT 3211, CHICAGO, IL 60661",IL,CHICAGO,COOK,CSO,41.881242,-87.643762,geocodio,"625 W MADISON ST APT 3211, CHICAGO, IL 60661","625 W Madison St, Apt 3211, Chicago, IL 60661",1
Richmond Area Multi-Services,1974,"639 14th Avenue, San Francisco, CA 94118",CA,SAN FRANCISCO,SAN FRANCISCO,CSO,37.776097,-122.472874,geocodio,"639 14th Avenue, San Francisco, CA 94118","639 14th Ave, San Francisco, CA 94118",1
Asian American Success,2006,"6521 Arlington Blvd., Suite 401, Falls Church, VA 22402",VA,FALLS CHURCH,FAIRFAX,CSO,38.870282,-77.167621,geocodio,"6521 Arlington Blvd., Suite 401, Falls Church, VA 22402","6521 Arlington Blvd, Ste 401, Falls Church, VA 22042",0.99
Counseling and Education Center for Asian-American Women,2004,"655 AMBOY AVE STE 412 WOODBRIDGE, NJ 07095",NJ,WOODBRIDGE,MIDDLESEX,CSO,40.562531,-74.286048,geocodio,"655 AMBOY AVE STE 412 WOODBRIDGE, NJ 07095","655 Amboy Ave, Ste 412, Woodbridge, NJ 07095",1
Asian American Federation of Florida,1984,"659 NE 125th Street, North Miami, FL, 33161",FL,NORTH MIAMI,MIAMI-DADE,CSO,25.890662,-80.185042,geocodio,"659 NE 125th Street, North Miami, FL, 33161","659 NE 125th St, North Miami, FL 33161",1
Asian Pacific American Community Center,2000,"66 Raymond Ave, San Francisco, CA 94134",CA,SAN FRANCISCO,SAN FRANCISCO,CSO,37.712508,-122.404362,geocodio,"66 Raymond Ave, San Francisco, CA 94134","66 Raymond Ave, San Francisco, CA 94134",1
Chinatown Community Development Center,1977,"663 Clay St, San Francisco, CA 94111",CA,SAN FRANCISCO,SAN FRANCISCO,Hybrid,37.794457,-122.404131,geocodio,"663 Clay St, San Francisco, CA 94111","663 Clay St, San Francisco, CA 94111",1
Asian American Consulting Service,1997,"677 SENECA AVE,RIDGEWOOD , NY 11385",NY,RIDGEWOOD,QUEENS,CSO,40.703221,-73.908162,geocodio,"677 SENECA AVE,RIDGEWOOD , NY 11385","677 Seneca Ave, Ridgewood, NY 11385",1
Asian American Job Training Center,2006,"680 Wilshire Pl, Los Angeles, CA 90005",CA,LOS ANGELES,LOS ANGELES,CSO,34.060683,-118.287977,geocodio,"680 Wilshire Pl, Los Angeles, CA 90005","680 Wilshire Pl, Los Angeles, CA 90005",1
Asian Community United Society,2009,"6822 20th Avenue Brooklyn, New York 11204",NY,NEW YORK,NEW YORK,CSO,40.614458,-73.98823,geocodio,"6822 20th Avenue Brooklyn, New York 11204","6822 20th Ave, Brooklyn, NY 11204",1
Penn Asian Senior Services,2004,"6926 Old York Road, Philadelphia, PA 19126",PA,PHILADELPHIA,PHILADELPHIA,CSO,40.058955,-75.139427,geocodio,"6926 Old York Road, Philadelphia, PA 19126","6926 Old York Rd, Philadelphia, PA 19126",1
South Asian Americans Leading Together,2000,"6930 Carroll Avenue, Suite 506 Takoma Park, MD 20912",MD,TAKOMA PARK,MONTGOMERY,Advocacy,38.97528,-77.01401,geocodio,"6930 Carroll Avenue, Suite 506 Takoma Park, MD 20912","6930 Carroll Ave, Ste 506, Takoma Park, MD 20912",1
"Career, mobility, and partnership",1972,"70 Mulberry Street, New York, NY 10013",NY,NEW YORK,NEW YORK,CSO,40.716104,-73.999091,geocodio,"70 Mulberry Street, New York, NY 10013","70 Mulberry St, New York, NY 10013",1
Asian American Health Coalition,1994,"7001 Corporate Dr, Houston, TX 77036",TX,HOUSTON,HARRIS,CSO,29.703091,-95.551118,geocodio,"7001 Corporate Dr, Houston, TX 77036","7001 Corporate Dr, Houston, TX 77036",1
Asian Rehabilitation Services,1972,"7009 Washington Ave. Whittier, CA 90602",CA,WHITTIER,LOS ANGELES,CSO,33.978673,-118.035271,geocodio,"7009 Washington Ave. Whittier, CA 90602","7009 Washington Ave, Whittier, CA 90602",1
DRUM - South Asian Organizing Center,2000,"72-18 Roosevelt Avenue Jackson Heights, NY 11372",NY,NEW YORK,QUEENS,Advocacy,40.74658,-73.892858,geocodio,"72-18 Roosevelt Avenue Jackson Heights, NY 11372","72-18 Roosevelt Ave, Jackson Heights, NY 11372",1
Brooklyn Asian Civilian Observation Patrol,2014,"720 57th Street Cellar Brooklyn, NY 11220-3681",NY,NEW YORK,NEW YORK,CSO,40.638099,-74.00949,geocodio,"720 57th Street Cellar Brooklyn, NY 11220-3681","720 57th St, Brooklyn, NY 11220",1
The International District Community Health Center,1975,"720 8th Avenue South, 2nd Floor Seattle, WA 98104",WA,SEATTLE,KING,CSO,47.596127,-122.32218,geocodio,"720 8th Avenue South, 2nd Floor Seattle, WA 98104","720 8th Ave S, Fl 2, Seattle, WA 98104",1
Asian Pacific Community Counseling,1976,7273 14th Avenue #120B Sacramento CA 95820,CA,SACRAMENTO,SACRAMENTO,CSO,38.540098,-121.419062,geocodio,7273 14th Avenue #120B Sacramento CA 95820,"7273 14th Ave, Ste 120, Sacramento, CA 95820",1
Asian Alliance for Health,2013,"728 PACIFIC AVE STE 115,SAN FRANCISCO, CA 94133",CA,SAN FRANCISCO,SAN FRANCISCO,CSO,37.797093,-122.407467,geocodio,"728 PACIFIC AVE STE 115,SAN FRANCISCO, CA 94133","728 Pacific Ave, Ste 115, San Francisco, CA 94133",1
Asian Services in Action,1995,"730 Carroll Street, Akron, OH 44304",OH,AKRON,SUMMIT,CSO,41.075219,-81.495661,geocodio,"730 Carroll Street, Akron, OH 44304","730 Carroll St, Akron, OH 44304",1
Asian and Pacific Islander Wellness Center,1987,"730 Polk St, Fl 4,San Francisco, CA 94109 USA",CA,SAN FRANCISCO,SAN FRANCISCO,CSO,37.783819,-122.419007,geocodio,"730 Polk St, Fl 4,San Francisco, CA 94109 USA","730 Polk St, Fl 4, San Francisco, CA 94109",1
Center for Asian American Wellness,2010,"730 Polk St, San Francisco, CA 94109",CA,GARDEN GROVE,ORANGE,CSO,37.783819,-122.419007,geocodio,"730 Polk St, San Francisco, CA 94109","730 Polk St, San Francisco, CA 94109",1
Self-Help for the Elderly,1966,"731 Sansome St #100, San Francisco, CA 94111",CA,SAN FRANCISCO,SAN FRANCISCO,CSO,37.797111,-122.402318,geocodio,"731 Sansome St #100, San Francisco, CA 94111","731 Sansome St, Ste 100, San Francisco, CA 94111",1
The Asian Community Center of Sacramento Valley,1987,"7334 Park City Drive Sacramento, CA 95831",CA,SACRAMENTO,SACRAMENTO,CSO,38.492316,-121.51899,geocodio,"7334 Park City Drive Sacramento, CA 95831","7334 Parkcity Dr, Sacramento, CA 95831",1
East Bay Asian Voter Education Consortium,2000,"734 PALMERA COURT, ALAMEDA, CA  94501",CA,ALAMEDA,ALAMEDA,Advocacy,37.764479,-122.259746,geocodio,"734 PALMERA COURT, ALAMEDA, CA  94501","734 Palmera Ct, Alameda, CA 94501",1
Greater Boston Chinese Golden Age Center,1972,"75 Kneeland St., Suite 204, Boston, MA 02111",MA,BOSTON,SUFFOLK,CSO,42.350189,-71.060611,geocodio,"75 Kneeland St., Suite 204, Boston, MA 02111","75 Kneeland St, Ste 204, Boston, MA 02111",1
Metropolitan Asian Family Services,1992,"7541 N Western Ave, Chicago, IL 60645",IL,CHICAGO,COOK,CSO,42.018643,-87.689819,geocodio,"7541 N Western Ave, Chicago, IL 60645","7541 N Western Ave, Chicago, IL 60645",1
Asian American Cancer Fellowship,2008,"7558 CRAWFORD AVE UNIT D, SKOKIE, IL 60076",IL,CHICAGO,COOK,CSO,42.018772,-87.728805,geocodio,"7558 CRAWFORD AVE UNIT D, SKOKIE, IL 60076","7558 Crawford Ave, Unit D, Skokie, IL 60076",1
Asian Community Alliance,2005,"7566 CENTRAL PARKE BLVD, MASON, OH 45040",OH,MASON,WARREN,CSO,39.329608,-84.315735,geocodio,"7566 CENTRAL PARKE BLVD, MASON, OH 45040","7566 Central Parke Blvd, Mason, OH 45040",1
Brooklyn Asian Voice Organization,2008,"762 59th str, Room 502, Brooklyn, NY",NY,NEW YORK,NEW YORK,Hybrid,40.63626,-74.009752,geocodio,"762 59th str, Room 502, Brooklyn, NY","762 59th St, Brooklyn, NY 11220",1
Asian America Affairs Association,2004,"7683 SE 27TH ST 145, MERCER ISLAND, WA 98040",WA,MERCER ISLAND,KING,CSO,47.586448,-122.235474,geocodio,"7683 SE 27TH ST 145, MERCER ISLAND, WA 98040","7683 SE 27th St 145, Mercer Island, WA 98040",1
Wu Yee Childrens Services,1977,"827 Broadway St. San Francisco, CA 94133",CA,SAN FRANCISCO,SAN FRANCISCO,CSO,37.797015,-122.410712,geocodio,"827 Broadway St. San Francisco, CA 94133","827 Broadway, San Francisco, CA 94133",1
Asian Women For Health,2013,"83 Wallace St Somerville, MA 02144-1832 ",MA,SOMERVILLE,MIDDLESEX,CSO,42.400226,-71.121311,geocodio,"83 Wallace St Somerville, MA 02144-1832","83 Wallace St, Somerville, MA 02144",1
Chinese American Voters Education Committee,1976,"838 Grant Ave #403 SF, CA, 94108 ",CA,SAN FRANCISCO,SAN FRANCISCO,Advocacy,37.794795,-122.406305,geocodio,"838 Grant Ave #403 SF, CA, 94108","838 Grant Ave, Ste 403, San Francisco, CA 94108",1
Asian American Senior Citizens Service Center,1989,"850 North Birch Street, Santa Ana, CA 92701 ",CA,SANTA ANA,ORANGE,CSO,33.753204,-117.87076,geocodio,"850 North Birch Street, Santa Ana, CA 92701","850 N Birch St, Santa Ana, CA 92701",1
Pacific Asian Counseling Services,1981,"8616 La Tijera Blvd Ste 200 Los Angeles, CA 90045-3945",CA,LOS ANGELES,LOS ANGELES,CSO,33.95933,-118.39173,geocodio,"8616 La Tijera Blvd Ste 200 Los Angeles, CA 90045-3945","8616 S La Tijera Blvd, Ste 200, Los Angeles, CA 90045",1
Asian American Civic Association,1967,"87 Tyler St, Boston, MA 02111",MA,BOSTON,SUFFOLK,CSO,42.348939,-71.061651,geocodio,"87 Tyler St, Boston, MA 02111","87 Tyler St, Boston, MA 02111",1
Southeast Asian Community Center,1975,875 O'Farrell Street San Francisco CA 94109,CA,SAN FRANCISCO,SAN FRANCISCO,CSO,37.784772,-122.419011,geocodio,875 O'Farrell Street San Francisco CA 94109,"875 Ofarrell St, San Francisco, CA 94109",1
Asian American Chemical Dependency,2003,"8811 SOUTH TACOMA WAY STE 106, LAKEWOOD, WA 98499",WA,LAKEWOOD,PIERCE,CSO,47.177295,-122.481994,geocodio,"8811 SOUTH TACOMA WAY STE 106, LAKEWOOD, WA 98499","8811 S Tacoma Way, Ste 106, Lakewood, WA 98499",1
Boston Chinatown Neighborhood Center,1969,"885 Washington Street, Boston, MA 02111",MA,BOSTON,SUFFOLK,CSO,42.347979,-71.064921,geocodio,"885 Washington Street, Boston, MA 02111","885 Washington St, Boston, MA 02111",1
Kai Ming,1975,"900 Kearny St Suite 600, San Francisco, CA 94133 ",CA,SAN FRANCISCO,SAN FRANCISCO,CSO,37.796316,-122.405013,geocodio,"900 Kearny St Suite 600, San Francisco, CA 94133","900 Kearny St, Ste 600, San Francisco, CA 94133",1
Asian Pacific Policy and Planning Council,1976,"905 E 8th St, Los Angeles, CA 90021",CA,LOS ANGELES,LOS ANGELES,CSO,34.03645,-118.24647,geocodio,"905 E 8th St, Los Angeles, CA 90021","905 E 8th St, Los Angeles, CA 90021",1
Asian Women's Resource Center Gum Moon Women's Residence,1868,"940 Washington Street San Francisco, CA 94108",CA,SAN FRANCISCO,SAN FRANCISCO,CSO,37.79503,-122.408757,geocodio,"940 Washington Street San Francisco, CA 94108","940 Washington St, San Francisco, CA 94108",1
South Asian Public Health Association,1999,"9408 Holbrook Ln. Potomac, MD 20854",MD,POTOMAC,MONTGOMERY,CSO,39.010698,-77.214943,geocodio,"9408 Holbrook Ln. Potomac, MD 20854","9408 Holbrook Ln, Potomac, MD 20854",1
Asian American Family Services,1994,"9440 Bellaire Blvd # 228, Houston, TX 77036",TX,HOUSTON,HARRIS,CSO,29.705341,-95.549463,geocodio,"9440 Bellaire Blvd # 228, Houston, TX 77036","9440 Bellaire Blvd, Ste 228, Houston, TX 77036",1
Southeast Asian Community Alliance,2002,"970 N. Broadway, Suite 209 Los Angeles, CA 90012",CA,LOS ANGELES,LOS ANGELES,Hybrid,34.06589,-118.236258,geocodio,"970 N. Broadway, Suite 209 Los Angeles, CA 90012","970 N Broadway, Ste 209, Los Angeles, CA 90012",1
Chinatown Community Children's Center,1972,"979 Clay Street, San Francisco, CA 94108",CA,SAN FRANCISCO,SAN FRANCISCO,CSO,37.79382,-122.409146,geocodio,"979 Clay Street, San Francisco, CA 94108","979 Clay St, San Francisco, CA 94108",1
Chinese Community Center ,1979,"9800 Town Park Dr., Houston, TX 77036",TX,HOUSTON,HOUSTON,CSO,29.712743,-95.554383,geocodio,"9800 Town Park Dr., Houston, TX 77036","9800 Town Park Dr, Houston, TX 77036",1
Asian American Law Fund of New York,1993,"99 Hudson St, New York, NY 10013",NY,NEW YORK,NEW YORK,CSO,40.718983,-74.008936,geocodio,"99 Hudson St, New York, NY 10013","99 Hudson St, New York, NY 10013",1
Asian American Legal Defense and Education Fund,1974,"99 Hudson St, New York, NY 10013",NY,NEW YORK,NEW YORK,Advocacy,40.718983,-74.008936,geocodio,"99 Hudson St, New York, NY 10013","99 Hudson St, New York, NY 10013",1
Asian Law Alliance,1977,"991 W Hedding St, San Jose, CA 95126",CA,SAN JOSE,SANTA CLARA,Hybrid,37.342331,-121.921434,geocodio,"991 W Hedding St, San Jose, CA 95126","991 W Hedding St, San Jose, CA 95126",1
Asian American Federation,1989,"9th Floor, 120 Wall St, New York, NY 10005",NY,NEW YORK,NEW YORK,Hybrid,40.706641,-74.00992,geocodio,"9th Floor, 120 Wall St, New York, NY 10005","Wall St, New York, NY 10005",1
Asian Christian Counseling and Educational Seminar Services,2004,"Alpharetta, GA 30023",GA,ALPHARETTA,FULTON,CSO,33.844371,-84.47405,geocodio,"Alpharetta, GA 30023","Alpharetta, GA 30023",1
Asian Sisters Participating in Reaching Excellence,2001,"BOSTON, MA 02205",MA,BOSTON,SUFFOLK,CSO,42.350334,-71.053877,geocodio,"BOSTON, MA 02205","Boston, MA 02205",1
Asian Americans Advancing Justice - Chicago (Asian American Institute),1992,"Bridgeview Bank Building, 4753 N Broadway St #02, Chicago, IL 60640",IL,CHICAGO,COOK,Hybrid,41.968703,-87.659178,geocodio,"Bridgeview Bank Building, 4753 N Broadway St #02, Chicago, IL 60640","4753 N Broadway St, # 02, Chicago, IL 60640",1
Media Action Network for Asian Americans,1992,"Burbank, CA, 91510",CA,BURBANK,LOS ANGELES,Advocacy,33.786594,-118.298662,geocodio,"Burbank, CA, 91510","Burbank, CA 91510",1
Sakhi for South Asian Women,1989,"Church Station New York, NY 10008-1333",NY,NEW YORK,NEW YORK,CSO,40.715716,-74.00732,geocodio,"Church Station New York, NY 10008-1333","Church St, New York, NY 10013",0.99
Ohio Asian American Health Coalition,2002,"Columbus, OH 43218-3108",OH,COLUMBUS,FRANKLIN,Hybrid,39.969036,-83.011389,geocodio,"Columbus, OH 43218-3108","Columbus, OH 43218",1
West Michigan Asian American Association,2011,Grand Rapids MI 49523-0432,MI,GRAND RAPIDS,KENT,CSO,43.031413,-85.550267,geocodio,Grand Rapids MI 49523-0432,"Grand Rapids, MI 49523",1
Asian American and Pacific Islander Research Coalition,2012,"Honolulu, HI 96825",HI,HONOLULU,HONOLULU,Advocacy,21.294519,-157.688748,geocodio,"Honolulu, HI 96825","Honolulu, HI 96825",1
Asian American Coalition for Education,2014,"Livingston, NJ 07039",NJ,LIVINGSTON,ESSEX,Advocacy,40.787006,-74.325993,geocodio,"Livingston, NJ 07039","Livingston, NJ 07039",1
Gay Asian Pacific Support Network,1984,"Los Angeles, CA 90046 ",CA,LOS ANGELES,LOS ANGELES,CSO,34.108455,-118.362081,geocodio,"Los Angeles, CA 90046","Los Angeles, CA 90046",1
Asian Women United of Minnesota,1996,"MINNEAPOLIS, MN 55406",MN,MINNEAPOLIS,HENNEPIN,CSO,44.940496,-93.22104,geocodio,"MINNEAPOLIS, MN 55406","Minneapolis, MN 55406",1
Chinatown Youth Initiatives,1999,"New York, NY 10013-0980 USA",NY,NEW YORK,NEW YORK,CSO,40.722105,-74.003497,geocodio,"New York, NY 10013-0980 USA","New York, NY 10013",1
North East Medical Services,1968,"North East Medical Services 1520 Stockton Street San Francisco, CA 94133",CA,SAN FRANCISCO,SAN FRANCISCO,CSO,37.799941,-122.408725,geocodio,"North East Medical Services 1520 Stockton Street San Francisco, CA 94133","1520 Stockton St, San Francisco, CA 94133",1
Chinatown Improvement District,2008,"P.O. Box 37764 Honolulu, HI 96837",HI,HONOLULU,HONOLULU,CSO,21.316548,-157.845053,geocodio,"P.O. Box 37764 Honolulu, HI 96837","PO Box 37764, Honolulu, HI 96837",1
South Asian Womens Empowerment and Resource Alliance,1997,"Portland, OR, 97291-0242",OR,PORTLAND,MULTNOMAH,CSO,45.548616,-123.114725,geocodio,"Portland, OR, 97291-0242","Portland, OR 97291",1
Asian Pacific Youth Leadership Project,1990,"Sacramento, CA 95822-0423 USA",CA,SACRAMENTO,SACRAMENTO,Hybrid,38.511356,-121.497716,geocodio,"Sacramento, CA 95822-0423 USA","Sacramento, CA 95822",1
Gay Asian Pacific Alliance,1988,San Francisco,CA,SAN FRANCISCO,SAN FRANCISCO,CSO,37.776646,-122.417481,geocodio,San Francisco,"San Francisco, CA 94101",1
MAITRI,1991,"Santa Clara, CA 95052 ",CA,SANTA CLARA,SANTA CLARA,CSO,37.189396,-121.705327,geocodio,"Santa Clara, CA 95052","Santa Clara, CA 95052",1
South Cove Community Health Center,1972,"South Street Clinic 145 South St. Boston, MA 02111-2826",MA,BOSTON,SUFFOLK,CSO,42.350756,-71.057532,geocodio,"South Street Clinic 145 South St. Boston, MA 02111-2826","145 South St, Boston, MA 02111",1
National Coalition for Asian Pacific American Community Development,1999,"Suite 2, 1825 San Pablo Ave, Oakland, CA 94612",CA,OAKLAND,ALAMEDA,Hybrid,37.809849,-122.273141,geocodio,"Suite 2, 1825 San Pablo Ave, Oakland, CA 94612","San Pablo Ave, Oakland, CA 94612",0.7
The Asian/Pacific Islander Domestic Violence Resource Project,1996,"Washington, DC 20044 USA",DC,WASHINGTON DC,DISTRICT OF COLUMBIA,CSO,38.893311,-77.014647,geocodio,"Washington, DC 20044 USA","Washington, DC 20044",1
Southeast Asia Resource Action Center,1979,"Washington, DC Office, 1628 16th Street, NW Washington, DC 20009",DC,WASHINGTON DC,DISTRICT OF COLUMBIA,Hybrid,38.912172,-77.036912,geocodio,"Washington, DC Office, 1628 16th Street, NW Washington, DC 20009","1628 16th St NW, Washington, DC 20009",1
American Citizens for Justice,1983,"Westland, Michigan 48185",MI,WESTLAND,WAYNE,Advocacy,42.333901,-83.384209,geocodio,"Westland, Michigan 48185","Westland, MI 48185",1
Asian Community Development Center,2015,"WOODSIDE, NY 11377",NY,WOODSIDE,QUEENS,CSO,40.748372,-73.905445,geocodio,"WOODSIDE, NY 11377","Woodside, NY 11377",1
80-20 Initiative,1998,,,,,Advocacy,,,missing_query,,,
ASHA for Women,1989,,MD,ROCKVILLE,MONTGOMERY,CSO,39.089557,-77.184127,geocodio,"ROCKVILLE, MD","Rockville, MD 20850",1
Asian American Cancer Support Network,2003,,CA,SUNNYVALE,SANTA CLARA,CSO,37.371647,-122.023153,geocodio,"SUNNYVALE, CA","Sunnyvale, CA 94086",1
Asian American Education Association of Palm Beach County,2015,,FL,BOCA RATON,PALM BEACH,CSO,26.348017,-80.218991,geocodio,"BOCA RATON, FL","Boca Raton, FL 33428",1
Asian American Environmental Awareness Organization,1999,,MD,CLARKSVILLE,HOWARD,Advocacy,39.212456,-76.951498,geocodio,"CLARKSVILLE, MD","Clarksville, MD 21029",1
Asian American National Committee,2000,,MA,DORCHESTER,SUFFOLK,Hybrid,42.291413,-71.042158,geocodio,"DORCHESTER, MA","Dorchester, MA 02122",1
Asian American Parents Association,1991,,CA,CUPERTINO,SANTA CLARA,Advocacy,37.30661,-122.080628,geocodio,"CUPERTINO, CA","Cupertino, CA 95014",1
Asian and Pacific Islander Family Pride,2004,,CA,FREMONT,ALAMEDA,CSO,37.565285,-121.982721,geocodio,"FREMONT, CA","Fremont, CA 94536",1
Asian Family Support Services of Austin,1992,,TX,AUSTIN,AUSTIN,CSO,30.268335,-97.741382,geocodio,"AUSTIN, TX","Austin, TX 78701",1
Asian Focus Corporation,2010,,NC,MORRISVILLE,WAKE,CSO,35.852458,-78.843526,geocodio,"MORRISVILLE, NC","Morrisville, NC 27560",1
Asian Pacific Islander Domestic Violence Resource Project,1996,,DC,WASHINGTON DC,DISTRICT OF COLUMBIA,CSO,38.921396,-76.993643,geocodio,"WASHINGTON DC, DC","Washington Pl NE, Washington, DC 20018",0.9
Asian Pacific Islander Pride,1993,,OR,PORTLAND,MULTNOMAH,CSO,45.507856,-122.690794,geocodio,"PORTLAND, OR","Portland, OR 97201",1
Asian Pacific Rim Foundation,1998,,CA,SACRAMENTO,SACRAMENTO,CSO,38.377411,-121.444429,geocodio,"SACRAMENTO, CA","Sacramento, CA 94240",1
Gay Asian and Pacific Islander Men of New York,1990,,NY,NEW YORK,NEW YORK,Hybrid,40.750422,-73.996328,geocodio,"NEW YORK, NY","New York, NY 10001",1
IRCO Asian Family Center,1994,,OR,PORTLAND,MULTNOMAH,CSO,45.507856,-122.690794,geocodio,"PORTLAND, OR","Portland, OR 97201",1
National AAPI DACA Collaborative,2012,,CA,LOS ANGELES,LOS ANGELES,Advocacy,33.973951,-118.248405,geocodio,"LOS ANGELES, CA","Los Angeles, CA 90001",1
Riverside Asian American Community Association,2004,,CA,RIVERSIDE,RIVERSIDE,CSO,33.99504,-117.373184,geocodio,"RIVERSIDE, CA","Riverside, CA 92501",1
Southwest Center for Asian Pacific American Law,2000,,CA,SAN DIEGO,SAN DIEGO,CSO,32.724103,-117.170912,geocodio,"SAN DIEGO, CA","San Diego, CA 92101",1
